environment, simulationIndex, elapsedTime, epoch, iteration, accuracy, f1, precision, recall, gmeasure, mcc, score, before or after averaging, #peers included in current batch, before or after averaging, #peers included in current batch
Figure 3.1 - average, 0, 324, 0, 0, 0.18, 0.28534688995215307, 0.2732905982905983, 0.18, 0.12601164806903667, NaN, 7.325065066627982, after, 
Figure 3.1 - average, 0, 6832, 0, 10, 0.21, 0.40304211824830377, 0.6224856321839081, 0.20999999999999996, 0.18929848991904766, NaN, 4.1325661030266, after, 
Figure 3.1 - average, 0, 10324, 0, 20, 0.6, 0.706132370485285, 0.7927422723475355, 0.6, 0.5892397128420513, NaN, 3.406868072174543, after, 
Figure 3.1 - average, 0, 13875, 0, 30, 0.65, 0.6754671586869729, 0.7685286935286935, 0.65, 0.6339846652190388, NaN, 3.1465743689618697, after, 
Figure 3.1 - average, 0, 18983, 0, 40, 0.63, 0.6620978608594708, 0.7632305540351517, 0.6300000000000001, 0.6216313628043355, NaN, 3.814290039556255, after, 
Figure 3.1 - average, 0, 23079, 0, 50, 0.73, 0.7387809357152471, 0.8181748806748805, 0.73, 0.7557957692685064, 0.73085464931879, 3.5665012366062574, after, 
Figure 3.1 - average, 0, 27284, 0, 60, 0.79, 0.7639678025867285, 0.8377247752247751, 0.7899999999999999, 0.7838961711109412, 0.7658204654452485, 2.9685240732730773, after, 
Figure 3.1 - average, 0, 30960, 0, 70, 0.87, 0.8643493353238945, 0.8885897435897437, 0.8699999999999999, 0.8716833819686471, 0.8589178170646299, 2.3201634054399647, after, 
